{
	"partitions" : [
		{
			"name" : "Top",
			"pins" : [
				{
					"name" : "signal_out[1]",
					"strict" : false
				},
				{
					"name" : "signal_out[2]",
					"strict" : false
				},
				{
					"name" : "signal_out[3]",
					"strict" : false
				},
				{
					"name" : "signal_out[4]",
					"strict" : false
				},
				{
					"name" : "signal_out[5]",
					"strict" : false
				},
				{
					"name" : "signal_out[6]",
					"strict" : false
				},
				{
					"name" : "signal_out[7]",
					"strict" : false
				},
				{
					"name" : "selector[0]",
					"strict" : false
				},
				{
					"name" : "selector[1]",
					"strict" : false
				},
				{
					"name" : "selector[2]",
					"strict" : false
				},
				{
					"name" : "selector[3]",
					"strict" : false
				},
				{
					"name" : "clock",
					"strict" : false
				}
			]
		}
	]
}