{
	"partitions" : [
		{
			"name" : "Top",
			"pins" : [
				{
					"name" : "signal[0]",
					"strict" : false
				},
				{
					"name" : "signal[1]",
					"strict" : false
				},
				{
					"name" : "signal[2]",
					"strict" : false
				},
				{
					"name" : "signal[3]",
					"strict" : false
				},
				{
					"name" : "signal[4]",
					"strict" : false
				},
				{
					"name" : "signal[5]",
					"strict" : false
				},
				{
					"name" : "signal[6]",
					"strict" : false
				},
				{
					"name" : "number[0]",
					"strict" : false
				},
				{
					"name" : "number[1]",
					"strict" : false
				},
				{
					"name" : "number[2]",
					"strict" : false
				},
				{
					"name" : "number[3]",
					"strict" : false
				}
			]
		}
	]
}